<?xml version="1.0" encoding="UTF-8"?>
<project-private xmlns="http://www.netbeans.org/ns/project-private/1">
    <editor-bookmarks xmlns="http://www.netbeans.org/ns/editor-bookmarks/2" lastBookmarkId="0"/>
    <open-files xmlns="http://www.netbeans.org/ns/projectui-open-files/2">
        <group>
            <file>file:/C:/Users/Jeba/Documents/NetBeansProjects/PayrollSystem/src/Leave/AddLeaveJFrame.java</file>
            <file>file:/C:/Users/Jeba/Documents/NetBeansProjects/PayrollSystem/src/Loan/LoanJFrame.java</file>
            <file>file:/C:/Users/Jeba/Documents/NetBeansProjects/PayrollSystem/src/Loan/AddEmpLoanJFrame.java</file>
            <file>file:/C:/Users/Jeba/Documents/NetBeansProjects/PayrollSystem/src/Loan/EditEmpLoanJFrame.java</file>
            <file>file:/C:/Users/Jeba/Documents/NetBeansProjects/PayrollSystem/src/DBHelper/LeaveDB.java</file>
            <file>file:/C:/Users/Jeba/Documents/NetBeansProjects/PayrollSystem/src/Leave/AddEmpLeaveJFrame.java</file>
            <file>file:/C:/Users/Jeba/Documents/NetBeansProjects/PayrollSystem/src/Loan/AddLoanJFrame.java</file>
            <file>file:/C:/Users/Jeba/Documents/NetBeansProjects/PayrollSystem/src/salary/AddSalaryJFrame.java</file>
            <file>file:/C:/Users/Jeba/Documents/NetBeansProjects/PayrollSystem/src/DBHelper/DBConnector.java</file>
            <file>file:/C:/Users/Jeba/Documents/NetBeansProjects/PayrollSystem/src/Employee/EmployeeModel.java</file>
            <file>file:/C:/Users/Jeba/Documents/NetBeansProjects/PayrollSystem/src/Loan/EmpLoanJFrame.java</file>
            <file>file:/C:/Users/Jeba/Documents/NetBeansProjects/PayrollSystem/src/Loan/EditLoanJFrame.java</file>
            <file>file:/C:/Users/Jeba/Documents/NetBeansProjects/PayrollSystem/src/salary/SalaryJFrame.java</file>
            <file>file:/C:/Users/Jeba/Documents/NetBeansProjects/PayrollSystem/src/salary/EditSalaryJFrame.java</file>
            <file>file:/C:/Users/Jeba/Documents/NetBeansProjects/PayrollSystem/src/DBHelper/SalaryDB.java</file>
            <file>file:/C:/Users/Jeba/Documents/NetBeansProjects/PayrollSystem/src/Leave/LeaveDetailsJFrame.java</file>
            <file>file:/C:/Users/Jeba/Documents/NetBeansProjects/PayrollSystem/src/Leave/LeaveJFrame.java</file>
            <file>file:/C:/Users/Jeba/Documents/NetBeansProjects/PayrollSystem/src/Employee/EmployeeJFrame.java</file>
            <file>file:/C:/Users/Jeba/Documents/NetBeansProjects/PayrollSystem/src/DBHelper/LoanDB.java</file>
            <file>file:/C:/Users/Jeba/Documents/NetBeansProjects/PayrollSystem/src/payrollsystem/PayRollDashBoardJFrame.java</file>
            <file>file:/C:/Users/Jeba/Documents/NetBeansProjects/PayrollSystem/src/Leave/EditLeaveJFrame.java</file>
            <file>file:/C:/Users/Jeba/Documents/NetBeansProjects/PayrollSystem/src/DBHelper/EmployeeDB.java</file>
            <file>file:/C:/Users/Jeba/Documents/NetBeansProjects/PayrollSystem/src/Employee/DetailsEmployeeJFrame.java</file>
            <file>file:/C:/Users/Jeba/Documents/NetBeansProjects/PayrollSystem/src/Leave/EditEmpLeaveJFrame.java</file>
            <file>file:/C:/Users/Jeba/Documents/NetBeansProjects/PayrollSystem/src/Employee/AddEmployeeJFrame.java</file>
            <file>file:/C:/Users/Jeba/Documents/NetBeansProjects/PayrollSystem/src/payrollsystem/PayrollSystem.java</file>
        </group>
    </open-files>
</project-private>
